"Month","A1 Consumer confidence indicator, CCI = (B1+B2+B4+E1)/4","B1 Own economy now (balance)","B2 Own economy in 12 months' time (balance)","B3 Finland's economy now (balance)","B4 Finland's economy in 12 months' time (balance)","B5 Consumer prices now (Inflation %)","B6 Consumer prices in 12 months' time (Inflation %)","B7 Unemployment in Finland in 12 months' time (balance)","B8 Personal threat of unemployment now (balance)","C1 Favourability of time for purchasing durables (balance)","C2 Favourability of time for saving (balance)","C3 Favourability of time for raising a loan (balance)","D1 Financial situation now (balance)","D2 Possibilities to save, next 12 months (balance)","D5 Intentions to raise a loan, next 12 months (% of consumers)","E1 Spending on durables, next 12 months vs last 12 months (balance)","E2 Intentions to buy a car, next 12 months (% of consumers)","E3 New or used car, next 12 months (% of consumers)","E5 Intentions to use money for basic repairs of a dwelling, next 12 months (% of consumers)"
"1995M10",-3.1,-5.3,1.7,8.9,8.2,-0.6,2.6,5.7,.,9.9,-14.9,-24.2,7.4,11.4,11.3,-17.2,.,.,.
"1995M11",-2.2,-3.0,3.4,11.2,7.9,-1.5,2.5,6.3,.,18.6,-19.4,-17.4,6.5,13.4,11.4,-17.2,.,.,.
"1995M12",-3.8,-3.4,2.4,8.2,4.7,-2.7,2.2,4.8,.,14.7,-18.7,-14.7,8.5,13.2,11.8,-18.6,.,.,.
"1996M01",-5.5,-4.1,2.0,-4.3,-1.1,-1.7,2.5,-3.7,.,21.8,-25.5,-8.5,6.4,9.8,12.1,-19.0,.,.,.
"1996M02",-5.0,-2.2,2.0,-5.9,-2.7,-1.5,3.2,-1.7,.,22.8,-22.5,-6.4,9.0,13.7,11.9,-17.2,.,.,.
"1996M03",-4.5,-2.0,3.6,-3.1,-2.1,-1.1,2.5,0.9,.,22.5,-21.9,-4.4,9.3,13.6,11.0,-17.6,.,.,.
"1996M04",-5.5,-3.5,1.2,-5.1,-2.1,-0.2,3.4,2.5,.,22.4,-18.0,-4.4,9.0,12.1,11.7,-17.5,.,.,.
"1996M05",-4.0,-2.9,4.1,-0.8,1.2,0.0,3.1,3.1,.,21.6,-20.1,-2.2,9.4,13.1,13.1,-18.5,.,.,.
"1996M06",-1.9,0.3,4.0,5.0,7.0,0.1,3.2,5.0,.,23.0,-22.5,-0.5,9.2,13.7,12.0,-18.8,.,.,.
"1996M07",-1.6,-0.4,3.7,8.7,6.8,0.8,3.4,2.6,.,25.8,-22.7,3.4,9.0,14.6,12.2,-16.7,.,.,.
"1996M08",0.1,0.1,4.4,11.1,11.5,1.1,3.2,2.8,.,26.5,-20.6,6.6,11.3,15.2,13.0,-15.5,.,.,.
"1996M09",0.8,1.0,5.8,14.2,12.4,1.1,3.3,5.4,.,27.2,-25.2,11.9,11.3,21.7,11.7,-16.0,.,.,.
"1996M10",0.1,0.5,5.7,10.8,9.6,1.6,3.3,5.7,.,23.0,-22.5,9.2,8.7,16.0,13.0,-15.2,.,.,.
"1996M11",0.1,0.3,5.4,13.5,11.4,2.0,3.4,10.6,.,25.6,-28.5,9.7,9.3,16.7,12.8,-16.8,.,.,.
"1996M12",1.7,2.1,5.3,16.1,12.4,1.3,3.5,11.0,.,25.0,-27.9,11.0,12.5,18.7,11.8,-13.2,.,.,.
"1997M01",1.1,0.1,5.3,16.1,14.2,2.0,3.4,7.1,.,31.9,-27.4,11.0,11.0,16.3,14.0,-15.1,.,.,.
"1997M02",2.4,1.4,6.0,18.1,16.0,2.7,3.4,12.4,.,26.1,-25.5,12.5,11.9,15.0,14.8,-13.7,.,.,.
"1997M03",2.7,1.5,5.7,19.2,16.0,2.9,3.7,12.5,.,27.1,-23.4,15.9,13.5,20.2,12.6,-12.3,.,.,.
"1997M04",3.6,2.5,6.8,23.1,17.1,3.1,3.7,17.0,.,28.5,-21.5,15.1,12.7,21.1,14.7,-11.9,.,.,.
"1997M05",2.6,2.6,5.4,22.1,15.6,3.4,3.8,16.7,.,23.8,-17.3,14.3,12.2,18.7,13.7,-13.2,.,.,.
"1997M06",2.4,3.7,6.1,20.8,15.7,2.0,2.4,15.0,.,23.7,-16.0,14.2,12.3,20.5,13.2,-15.8,.,.,.
"1997M07",2.0,3.4,5.1,22.3,13.2,2.0,2.3,9.8,.,25.9,-13.9,14.5,11.8,18.6,13.1,-13.8,.,.,.
"1997M08",1.3,1.9,5.1,16.5,11.6,2.5,2.9,11.0,.,19.3,-15.2,10.7,10.6,14.6,13.3,-13.4,.,.,.
"1997M09",3.0,2.7,7.0,22.2,14.1,2.3,2.7,15.8,.,20.3,-13.5,9.9,11.5,20.1,12.6,-11.8,.,.,.
"1997M10",2.8,2.3,8.2,21.0,14.0,2.1,2.5,17.4,.,24.7,-14.3,8.4,11.8,19.3,15.0,-13.3,.,.,.
"1997M11",2.7,4.2,7.0,20.3,12.0,2.4,2.5,17.0,.,22.2,-12.3,9.3,10.6,16.0,12.0,-12.5,.,.,.
"1997M12",2.4,3.6,7.5,19.3,12.4,2.3,2.5,17.4,.,19.2,-14.2,9.0,12.0,18.2,12.0,-13.8,.,.,.
"1998M01",1.2,1.4,7.4,20.4,11.0,2.6,2.6,16.1,.,26.1,-10.6,11.5,13.9,19.2,12.8,-14.8,.,.,.
"1998M02",0.7,1.5,6.9,18.3,9.4,2.5,2.7,17.3,.,21.7,-9.8,8.7,12.7,22.1,12.1,-15.2,.,.,.
"1998M03",2.6,4.5,7.1,20.7,12.0,2.4,2.5,20.3,.,24.7,-7.1,16.3,14.3,20.5,14.1,-13.0,.,.,.
"1998M04",2.7,2.9,7.8,20.5,11.3,2.6,2.6,19.0,.,23.1,-10.5,13.9,13.9,20.0,14.6,-11.4,.,.,13.3
"1998M05",2.5,3.7,7.7,22.6,11.8,2.4,2.4,17.3,.,23.0,-8.6,16.8,12.0,19.3,15.1,-13.4,.,.,10.1
"1998M06",2.5,5.6,8.6,20.3,10.2,2.6,2.4,15.9,.,24.5,-3.3,16.6,13.3,21.3,13.7,-14.5,.,.,8.4
"1998M07",3.4,4.2,7.8,24.7,13.2,2.4,2.4,18.3,.,25.1,-2.1,19.1,15.3,21.0,14.5,-11.8,.,.,8.5
"1998M08",2.8,5.9,6.6,25.9,9.6,2.3,2.4,18.5,.,25.3,-0.8,22.9,14.7,24.8,15.8,-10.9,.,.,8.8
"1998M09",-1.0,3.4,6.9,18.1,-0.4,2.2,2.1,11.7,.,26.4,-1.5,21.9,14.2,22.4,15.2,-13.7,.,.,8.3
"1998M10",-2.2,3.0,6.5,11.0,-3.7,2.3,2.2,7.5,.,26.6,-4.3,19.7,13.4,18.5,16.0,-14.8,.,.,8.1
"1998M11",-0.8,4.7,7.7,10.7,-3.4,2.1,2.0,5.0,.,22.1,-3.0,17.8,12.5,17.3,14.2,-12.4,.,.,8.9
"1998M12",1.3,5.2,9.9,14.3,1.0,2.0,1.9,7.5,.,23.9,-3.3,25.4,15.9,23.2,15.1,-11.0,.,.,9.3
"1999M01",0.1,5.5,8.7,12.5,2.0,2.0,2.1,7.1,.,26.8,-1.7,22.3,15.6,24.0,14.6,-15.8,.,.,10.3
"1999M02",-1.4,3.8,9.2,5.7,-3.7,2.0,2.0,2.3,.,26.6,-2.9,23.8,15.3,24.0,17.5,-15.0,.,.,9.1
"1999M03",0.0,4.1,8.0,9.9,1.9,1.8,1.9,10.5,.,26.7,-13.7,26.2,14.5,21.6,16.6,-14.1,.,.,12.5
"1999M04",1.1,3.6,7.8,10.9,3.3,2.3,2.2,13.5,.,28.3,-15.2,30.4,13.7,18.9,17.3,-10.4,.,.,13.2
"1999M05",2.0,4.7,9.2,13.6,6.9,2.4,2.2,13.3,.,27.0,-12.5,26.5,12.4,19.9,16.4,-13.0,.,.,12.6
"1999M06",3.0,7.1,9.5,17.7,8.8,2.2,2.2,13.8,.,31.1,-11.9,31.7,16.6,26.3,16.5,-13.4,.,.,11.6
"1999M07",2.4,5.6,8.6,19.4,7.0,2.5,2.4,14.2,.,30.2,-11.1,29.3,15.7,24.2,15.0,-11.7,.,.,10.7
"1999M08",1.4,5.8,7.4,15.6,5.6,2.6,2.6,12.8,.,26.9,-6.3,28.0,16.4,23.0,15.5,-13.1,.,.,9.2
"1999M09",1.1,3.8,7.7,16.9,7.3,2.6,2.6,15.8,.,30.1,-7.3,24.7,13.7,20.5,15.7,-14.3,.,.,10.0
"1999M10",2.2,5.1,9.4,19.2,7.9,2.5,2.5,16.9,.,27.2,-5.0,23.5,13.0,21.3,15.3,-13.5,.,.,11.8
"1999M11",2.1,4.4,8.2,18.0,8.0,2.7,2.8,17.2,.,21.4,-9.9,16.3,14.0,20.6,13.4,-12.4,.,.,10.3
"1999M12",2.9,6.1,9.1,21.2,9.3,2.7,2.8,14.9,.,16.9,-7.3,16.7,14.9,20.4,14.3,-12.9,.,.,11.0
"2000M01",3.6,6.4,10.6,21.1,10.1,3.1,3.1,16.2,.,31.2,-3.8,15.1,19.4,29.0,15.8,-12.9,.,.,18.2
"2000M02",3.9,6.5,12.5,19.0,12.2,3.4,3.2,17.0,.,27.3,1.7,14.2,19.3,27.5,14.7,-15.5,.,.,14.7
"2000M03",3.4,7.9,10.1,18.3,7.8,3.6,3.6,14.2,.,18.8,3.4,7.3,18.0,28.8,16.9,-12.0,.,.,17.6
"2000M04",1.8,6.3,9.5,19.0,4.8,3.5,3.4,9.3,.,15.7,6.4,10.1,17.8,29.1,15.1,-13.3,.,.,18.4
"2000M05",2.3,6.5,10.4,17.7,5.4,3.6,3.4,8.0,.,19.5,3.8,4.3,16.3,29.9,15.2,-13.3,.,.,15.9
"2000M06",1.8,6.0,9.1,17.4,6.7,3.8,3.4,10.3,.,15.6,-3.2,-0.5,17.5,29.8,14.8,-14.4,.,.,13.2
"2000M07",2.8,7.1,9.1,18.6,7.1,4.0,3.5,13.4,.,21.3,-2.3,-0.5,18.2,31.8,13.3,-12.1,.,.,14.5
"2000M08",1.1,6.2,9.5,17.3,6.1,3.8,3.3,11.6,.,8.7,-0.9,0.5,15.3,24.6,14.8,-17.5,.,.,13.4
"2000M09",-0.9,5.2,7.3,14.3,-0.4,3.9,3.5,8.8,.,8.8,-3.0,-17.1,15.7,21.9,15.4,-15.7,.,.,13.4
"2000M10",-1.6,3.1,8.5,7.5,-3.6,3.9,3.6,8.8,.,8.0,2.0,-23.7,17.4,31.3,14.0,-14.4,.,.,15.0
"2000M11",-0.2,5.0,9.5,10.3,-0.8,3.7,3.5,5.8,.,12.1,-1.8,-17.4,18.4,34.0,12.9,-14.5,.,.,14.0
"2000M12",0.7,4.0,10.4,16.4,3.8,3.7,3.4,13.0,.,9.8,5.1,-14.1,18.1,33.1,15.4,-15.2,.,.,12.2
"2001M01",1.6,6.8,11.4,13.1,1.6,3.7,3.7,13.6,.,20.5,5.5,-5.1,17.9,35.3,14.2,-13.3,.,.,12.6
"2001M02",0.5,7.3,10.0,10.5,-2.4,3.4,3.5,8.7,.,13.8,3.4,-3.4,16.6,32.0,14.9,-13.0,.,.,13.9
"2001M03",-1.9,7.2,10.0,-0.2,-10.2,3.5,3.8,-2.4,.,14.6,5.9,-4.3,19.1,36.3,16.1,-14.4,.,.,14.8
"2001M04",-2.4,6.3,9.6,-3.5,-13.5,3.5,3.8,-3.3,.,14.7,5.9,-3.5,18.0,37.1,15.1,-12.2,.,.,15.6
"2001M05",-1.0,6.8,9.9,2.1,-7.2,3.6,3.7,-0.3,.,11.7,9.3,-0.2,17.6,32.9,16.0,-13.7,.,.,15.5
"2001M06",-2.6,7.3,8.5,-0.3,-9.4,3.4,3.6,-1.5,.,9.8,8.6,-0.4,18.6,36.2,16.0,-16.7,.,.,15.1
"2001M07",-4.0,6.9,8.2,-8.9,-16.4,3.3,3.4,-2.3,.,16.9,8.0,-0.1,19.8,34.7,15.8,-14.8,.,.,12.5
"2001M08",-4.4,6.0,8.7,-16.3,-19.6,3.1,3.2,-16.6,.,13.0,10.4,-3.4,17.9,37.3,15.9,-12.7,.,.,12.0
"2001M09",-5.0,6.8,7.2,-16.7,-17.8,3.1,3.6,-21.0,.,13.9,12.6,-1.0,17.7,35.8,15.7,-16.1,.,.,14.7
"2001M10",-4.7,4.7,9.0,-17.6,-16.8,3.0,3.3,-23.7,.,17.1,8.9,7.4,18.8,37.5,16.4,-15.4,.,.,11.9
"2001M11",-4.9,4.1,7.1,-20.2,-15.5,3.2,3.4,-28.7,.,13.6,11.1,9.0,17.4,34.9,16.9,-15.4,.,.,12.5
"2001M12",-2.4,3.6,7.2,-14.4,-8.3,2.9,3.2,-22.2,.,12.3,8.0,12.8,17.4,35.1,16.4,-11.9,.,.,13.8
"2002M01",-0.8,3.3,10.1,-11.4,-1.5,3.8,2.1,-19.1,.,-0.8,9.2,10.3,18.7,38.8,16.3,-15.1,.,.,13.2
"2002M02",-0.2,2.9,11.1,-10.3,-0.1,4.1,2.3,-11.7,.,-1.4,6.5,12.5,18.0,39.7,18.6,-14.6,.,.,15.5
"2002M03",1.1,3.1,11.0,-6.5,2.6,4.0,2.4,-13.7,.,2.3,4.4,11.1,18.3,37.5,18.1,-12.2,.,.,16.3
"2002M04",1.0,2.7,11.4,-2.5,2.4,4.3,2.7,-4.9,.,2.4,7.4,10.7,17.1,37.9,16.4,-12.2,.,.,16.9
"2002M05",2.0,5.5,11.4,-1.4,4.3,4.1,2.5,-5.5,.,2.3,9.7,12.6,18.3,38.0,17.2,-13.1,.,.,15.3
"2002M06",-0.1,4.4,11.0,-2.7,1.4,4.2,2.4,-7.4,.,-1.1,11.0,10.5,19.4,39.8,15.8,-17.4,.,.,13.6
"2002M07",-0.1,4.7,9.3,-5.0,-0.3,4.2,2.5,-10.9,.,10.9,11.1,12.7,19.1,39.6,16.2,-14.0,.,.,13.2
"2002M08",-1.8,4.8,7.8,-11.4,-5.9,4.3,2.5,-14.5,.,5.0,9.3,9.1,20.8,38.6,15.9,-13.9,.,.,13.3
"2002M09",-1.0,3.0,10.1,-10.1,-3.2,4.1,2.4,-14.9,.,3.9,8.5,12.9,18.3,36.7,18.1,-13.9,.,.,12.8
"2002M10",-1.9,2.1,7.8,-12.4,-3.6,4.0,2.4,-21.7,.,9.3,6.0,13.8,17.4,33.7,16.0,-13.8,.,.,13.4
"2002M11",-2.0,3.8,8.2,-13.4,-4.5,3.7,2.4,-21.9,.,10.4,7.4,14.9,18.5,36.7,16.7,-15.3,.,.,12.3
"2002M12",-1.3,3.0,10.2,-10.1,-5.0,4.0,2.6,-19.7,.,12.3,5.3,17.7,19.3,36.5,16.6,-13.5,.,.,13.7
"2003M01",-1.3,4.3,10.1,-9.9,-5.4,3.9,2.7,-17.6,.,38.0,6.7,19.8,22.1,44.7,15.3,-14.1,17.5,17.5,16.3
"2003M02",-3.2,2.6,9.8,-14.3,-8.3,3.8,2.7,-16.0,.,30.8,5.9,22.3,21.9,41.7,15.2,-17.0,14.9,14.9,13.7
"2003M03",-1.4,4.6,10.3,-17.2,-9.4,3.7,2.8,-16.3,.,29.5,4.3,21.5,20.6,40.8,19.8,-10.9,16.4,16.4,15.0
"2003M04",-2.2,2.6,10.0,-16.3,-7.9,3.3,2.2,-17.3,.,32.0,3.2,23.1,20.1,37.1,14.9,-13.6,14.6,14.6,14.8
"2003M05",-1.5,4.1,9.8,-15.8,-7.4,3.4,2.5,-23.1,.,34.9,5.3,21.8,22.0,38.9,18.4,-12.7,15.6,15.6,15.7
"2003M06",-2.3,5.2,9.7,-18.7,-10.2,3.4,2.2,-28.6,.,31.9,4.2,20.9,22.0,41.0,16.7,-13.8,15.3,15.3,14.2
"2003M07",-0.6,6.2,8.7,-16.3,-4.1,3.3,2.3,-25.0,.,36.6,1.3,25.1,22.3,41.2,15.9,-13.4,15.3,15.3,10.9
"2003M08",-1.0,4.1,9.7,-12.9,-3.9,3.6,2.3,-27.8,.,39.7,3.3,23.5,21.6,41.9,19.2,-13.9,19.2,19.2,14.1
"2003M09",-0.3,3.7,9.9,-9.8,-0.2,3.5,2.5,-25.4,.,34.1,2.3,19.8,21.1,41.3,17.7,-14.6,16.1,16.1,14.4
"2003M10",-0.6,5.4,10.3,-10.2,-1.4,3.5,2.6,-24.1,.,33.8,5.0,23.3,22.4,44.1,15.2,-16.5,18.8,18.8,12.8
"2003M11",-0.7,4.4,9.5,-12.1,-1.8,3.2,2.6,-30.4,.,25.1,4.9,19.4,21.4,43.9,15.3,-15.1,14.7,14.7,12.3
"2003M12",0.0,4.6,10.7,-6.0,1.7,3.5,2.7,-24.0,.,26.2,2.2,14.7,23.0,44.4,16.5,-17.0,16.8,16.8,14.1
"2004M01",0.8,5.2,11.8,-4.6,3.1,3.1,2.3,-24.3,.,38.7,5.8,20.6,23.0,40.6,15.5,-17.0,16.8,16.8,13.9
"2004M02",0.2,4.4,10.2,-6.8,1.5,3.3,2.5,-24.7,.,34.7,1.8,18.0,21.6,40.7,16.1,-15.4,18.5,18.5,16.2
"2004M03",0.6,4.3,12.4,-3.6,1.9,3.0,2.3,-21.8,-2.6,29.6,3.9,18.7,22.5,44.0,17.1,-16.1,14.8,14.8,13.6
"2004M04",0.8,4.1,10.4,0.6,3.1,3.2,2.4,-15.8,-3.0,34.3,5.3,24.3,21.5,38.4,15.3,-14.3,16.0,16.0,14.7
"2004M05",-0.4,4.0,10.1,-1.8,0.3,3.2,2.7,-16.8,-1.9,28.9,6.8,18.3,22.7,46.5,16.0,-15.9,14.7,14.7,14.1
"2004M06",-0.6,5.7,9.6,-0.5,0.7,3.2,2.6,-16.3,-0.5,29.9,6.1,15.2,23.7,47.5,16.3,-18.2,13.9,13.9,13.4
"2004M07",0.6,7.0,9.2,-0.8,0.6,3.2,2.7,-18.4,0.1,35.2,3.0,17.2,21.0,37.4,14.8,-14.6,15.8,15.8,12.1
"2004M08",0.5,6.6,9.9,0.0,0.9,3.3,2.8,-11.8,0.9,30.9,4.4,18.7,23.5,45.9,15.3,-15.4,17.4,17.4,15.4
"2004M09",-0.4,4.3,11.7,-2.1,-1.0,3.1,2.5,-23.9,-0.5,27.1,6.1,17.5,22.8,44.9,16.0,-16.6,14.2,14.2,12.2
"2004M10",-0.8,3.8,12.3,-2.9,-2.3,3.3,2.8,-22.1,-3.1,22.3,6.5,14.9,19.7,38.3,15.4,-17.0,14.9,14.9,15.2
"2004M11",-0.9,4.1,10.8,-4.3,-4.3,3.2,2.6,-25.6,-3.7,22.2,7.3,13.3,23.8,45.0,14.7,-14.3,13.7,13.7,13.5
"2004M12",0.6,6.4,11.4,1.8,1.1,3.3,2.6,-15.0,-4.3,18.7,7.0,18.9,22.1,44.3,17.1,-16.7,14.3,14.3,14.4
"2005M01",0.5,6.1,10.0,1.0,0.3,3.1,2.6,-14.3,-1.0,34.7,7.2,18.6,20.9,39.3,15.3,-14.5,15.4,15.4,20.4
"2005M02",1.2,4.1,13.4,2.3,1.1,3.1,2.6,-7.8,-0.7,31.2,6.5,23.3,23.5,44.4,16.1,-13.7,16.4,16.4,20.8
"2005M03",2.6,6.8,11.4,2.5,4.0,3.3,2.8,-9.5,-2.0,28.2,6.3,24.4,23.9,44.3,16.7,-12.0,15.4,15.4,23.5
"2005M04",1.7,8.2,11.2,-1.0,-0.7,3.3,2.8,-9.7,0.9,27.4,10.0,21.9,23.9,39.8,14.3,-11.8,15.2,15.2,19.7
"2005M05",0.3,6.5,11.2,-3.6,-4.3,3.3,2.9,-14.5,0.0,27.7,6.4,24.8,25.7,48.6,16.6,-12.1,15.0,15.0,20.9
"2005M06",-4.0,4.5,9.2,-10.4,-11.9,3.3,2.9,-22.1,-2.3,23.8,6.7,20.8,22.0,45.1,15.9,-18.0,13.0,13.0,18.9
"2005M07",-1.2,5.6,11.0,-9.1,-5.4,3.4,3.0,-19.2,-3.1,33.2,4.7,26.0,24.7,41.3,14.9,-16.1,15.2,15.2,17.6
"2005M08",0.8,6.9,11.1,-2.4,-3.2,3.4,2.9,-14.6,-0.6,27.9,5.8,24.3,24.5,45.4,16.4,-11.5,13.7,13.7,17.9
"2005M09",-2.7,5.3,8.5,-7.3,-7.8,3.8,3.3,-15.2,-2.2,20.5,4.2,22.4,20.8,43.8,17.8,-17.0,12.7,12.7,18.6
"2005M10",-0.3,5.6,10.6,-1.0,-2.6,3.5,3.0,-10.3,-1.9,27.0,11.4,21.3,22.8,42.3,17.8,-14.7,15.6,15.6,20.1
"2005M11",-0.2,6.0,11.3,-1.9,-4.2,3.5,3.0,-9.9,-0.9,21.2,5.6,20.4,22.9,45.4,15.4,-13.7,16.2,16.2,16.9
"2005M12",-0.1,7.4,10.5,1.5,-3.9,3.6,3.1,-3.6,-1.5,17.1,7.8,16.4,25.2,47.2,16.1,-14.6,12.3,12.3,19.9
"2006M01",-0.1,5.9,9.2,-1.2,-1.7,3.6,3.0,-8.5,-1.1,32.0,4.3,14.6,22.7,38.8,15.4,-13.8,14.8,14.8,20.0
"2006M02",0.8,5.7,11.4,0.4,0.5,3.4,2.9,-6.3,0.0,25.7,9.3,15.7,25.6,44.4,17.1,-14.5,15.1,15.1,20.3
"2006M03",-0.7,5.4,10.7,-3.9,-5.9,3.2,3.0,-19.6,-1.8,25.0,9.8,12.0,23.7,47.8,18.1,-13.2,14.1,14.1,17.9
"2006M04",-1.7,3.5,9.7,-7.2,-7.6,3.4,3.1,-21.1,-4.3,25.2,12.7,15.2,21.0,39.0,15.7,-12.6,15.0,15.0,20.3
"2006M05",0.1,4.9,10.6,-0.4,-5.0,3.6,3.1,-12.6,-1.5,23.4,14.7,14.3,22.7,47.0,15.8,-9.9,17.1,17.1,23.8
"2006M06",0.6,7.2,11.3,0.7,-2.9,3.8,3.3,-3.3,-1.8,24.1,16.3,11.2,22.2,46.0,16.1,-13.0,13.6,13.6,20.7
"2006M07",-1.7,4.5,8.3,-0.8,-5.5,3.6,3.2,-4.8,-0.3,30.6,14.1,13.0,23.4,44.6,14.2,-14.1,15.2,15.2,18.9
"2006M08",-1.1,8.1,7.4,0.3,-5.5,3.9,3.5,-4.0,-0.2,24.7,12.0,4.2,24.0,44.9,15.7,-14.5,15.3,15.3,18.5
"2006M09",-0.8,5.5,9.1,9.5,-3.8,3.7,3.3,1.4,0.8,25.1,17.1,8.2,22.1,42.8,17.1,-13.9,14.8,14.8,17.7
"2006M10",-1.1,4.4,8.9,5.5,-4.6,3.5,3.0,-1.5,-4.2,23.2,19.2,5.4,23.0,41.4,14.7,-13.2,16.0,16.0,18.5
"2006M11",1.2,5.7,12.4,5.3,-1.3,3.4,3.1,0.2,-1.9,22.0,19.9,4.8,23.1,46.5,14.4,-12.0,15.6,15.6,16.8
"2006M12",1.0,5.5,10.2,6.4,-0.9,3.6,3.2,1.1,0.8,20.6,21.5,4.7,25.0,47.7,14.8,-10.7,12.0,12.0,17.8
"2007M01",0.7,7.4,11.5,7.7,-1.0,3.5,3.1,1.7,0.3,28.5,21.2,0.2,24.8,43.3,13.5,-15.0,14.2,14.2,19.6
"2007M02",0.0,5.3,13.3,4.5,-4.4,3.4,3.1,-7.2,0.2,27.1,24.6,3.0,26.3,46.9,16.3,-14.3,15.3,15.3,21.2
"2007M03",-0.2,5.7,11.8,2.7,-4.1,3.3,3.0,-6.3,-0.1,24.2,22.7,-3.8,23.8,46.8,17.9,-14.1,14.2,14.2,26.0
"2007M04",0.9,7.3,11.6,4.1,-2.6,3.5,3.1,5.2,0.5,22.5,23.1,-9.1,23.5,43.0,16.2,-12.8,14.6,14.6,21.9
"2007M05",0.1,5.4,10.2,2.8,-1.9,3.6,3.2,2.1,1.1,19.4,26.0,-7.6,22.0,45.6,13.9,-13.5,14.5,14.5,24.5
"2007M06",1.1,8.2,11.4,7.2,-1.7,3.6,3.3,7.4,-0.3,15.8,25.2,-9.0,25.1,49.7,16.2,-13.4,13.9,13.9,23.7
"2007M07",0.4,6.8,10.6,7.3,-2.8,3.7,3.4,8.2,1.5,22.4,26.4,-8.8,24.5,43.0,13.8,-12.9,14.8,14.8,20.4
"2007M08",-0.5,6.4,10.7,7.9,-3.6,3.8,3.5,9.1,2.3,18.8,27.8,-12.1,25.7,49.8,13.8,-15.4,15.9,15.9,20.2
"2007M09",-1.9,5.9,9.5,2.7,-8.9,3.9,3.9,8.7,1.0,13.4,27.0,-19.4,24.6,48.9,14.9,-14.3,13.6,13.6,21.4
"2007M10",-1.7,5.6,11.0,3.2,-9.5,4.0,4.1,7.7,0.8,12.5,27.9,-16.5,23.9,45.1,14.9,-14.0,14.6,14.6,18.9
"2007M11",-2.8,5.8,11.9,-0.3,-13.3,4.1,4.1,-5.6,-0.8,9.7,29.4,-17.0,24.1,49.8,14.2,-15.7,18.1,18.1,21.9
"2007M12",-2.7,7.6,9.6,-3.0,-13.9,4.3,4.1,-1.7,-1.3,14.7,27.8,-19.8,25.6,47.9,15.1,-14.0,14.9,14.9,21.5
"2008M01",-3.1,7.6,9.2,-5.5,-13.9,4.8,4.5,-5.1,2.5,33.6,25.3,-15.7,26.1,45.7,13.9,-15.4,16.2,16.2,22.0
"2008M02",-3.9,6.4,9.3,-15.1,-17.2,5.1,4.4,-14.4,0.0,25.6,25.7,-12.5,25.1,46.9,13.6,-14.3,18.0,18.0,18.7
"2008M03",-4.7,3.1,9.2,-11.2,-15.7,5.0,4.3,-4.1,1.2,25.1,23.5,-8.7,24.7,46.5,17.5,-15.5,16.4,16.4,24.2
"2008M04",-4.9,4.5,8.6,-9.8,-18.2,5.4,4.5,-2.3,2.0,24.7,26.1,-11.2,24.6,47.4,14.7,-14.4,16.6,16.6,24.3
"2008M05",-7.3,4.1,5.4,-16.6,-19.8,5.9,4.9,-2.9,2.3,9.1,23.5,-18.8,25.7,47.0,13.7,-19.0,15.1,15.1,23.2
"2008M06",-8.8,3.8,5.0,-21.9,-22.5,6.4,5.3,-2.2,1.6,4.2,22.7,-33.9,23.8,44.0,13.7,-21.5,13.0,13.0,20.6
"2008M07",-10.1,2.6,3.6,-29.1,-26.9,6.4,5.2,-11.5,2.5,4.9,23.0,-41.8,24.4,44.7,11.9,-19.7,12.8,12.8,22.0
"2008M08",-10.6,0.8,2.5,-29.1,-21.9,6.9,4.6,-10.0,-1.4,-1.0,22.0,-40.7,24.6,50.0,13.2,-24.0,13.6,13.6,19.9
"2008M09",-8.7,2.6,5.5,-26.8,-22.0,6.3,4.3,-15.7,-3.2,-2.0,23.2,-38.4,25.3,47.5,13.1,-20.8,13.1,13.1,21.5
"2008M10",-11.8,1.0,4.4,-36.7,-26.2,6.2,4.3,-33.2,-6.1,-13.8,24.4,-60.4,21.6,38.6,10.5,-26.2,11.1,11.1,18.3
"2008M11",-12.7,0.7,2.0,-43.5,-28.8,5.3,3.4,-51.7,-12.4,-13.3,20.1,-51.7,24.5,43.6,12.0,-24.8,11.3,11.3,20.4
"2008M12",-12.8,1.4,2.8,-51.2,-32.8,5.1,2.8,-59.5,-17.1,-7.0,18.8,-39.8,24.3,47.0,12.7,-22.6,11.6,11.6,18.7
"2009M01",-9.9,2.6,2.7,-54.4,-23.1,4.6,2.6,-55.4,-17.4,33.4,8.4,-12.0,23.2,42.9,13.9,-21.8,12.9,12.9,19.9
"2009M02",-9.9,-0.2,2.0,-61.2,-19.7,4.3,2.5,-58.1,-20.8,30.4,-0.6,-9.2,22.5,42.8,15.5,-21.6,11.2,11.2,22.0
"2009M03",-9.3,-0.8,2.7,-64.5,-19.2,4.6,2.5,-53.9,-25.1,26.3,1.8,-3.2,25.4,47.9,16.1,-20.1,10.5,10.5,23.2
"2009M04",-7.0,-0.3,2.7,-66.5,-9.4,4.4,2.0,-50.7,-21.8,32.4,-0.3,-1.8,23.3,41.2,15.7,-20.9,10.1,10.1,23.9
"2009M05",-3.1,-2.6,5.0,-60.4,3.9,3.9,2.2,-41.1,-23.3,35.7,5.5,4.0,23.7,43.4,16.4,-18.7,13.0,13.0,23.1
"2009M06",-2.9,-3.2,6.4,-59.4,3.8,3.7,2.3,-38.6,-22.7,37.6,3.6,5.5,24.0,45.0,15.1,-18.8,11.5,11.5,21.7
"2009M07",-2.0,-2.1,5.8,-53.6,5.8,3.5,2.2,-37.3,-21.7,43.5,2.0,9.5,24.1,41.2,12.8,-17.3,13.6,13.6,20.7
"2009M08",-2.3,-0.5,5.3,-49.2,5.4,3.3,2.2,-40.1,-21.4,36.0,3.7,9.3,24.7,44.9,14.8,-19.3,12.2,12.2,20.7
"2009M09",-1.0,-2.9,5.9,-46.0,14.0,3.4,2.3,-35.0,-21.2,36.1,-0.7,13.2,22.3,46.4,16.2,-20.9,11.0,11.0,21.3
"2009M10",0.0,-4.0,8.1,-37.7,16.3,2.7,2.8,-32.6,-19.6,38.0,0.0,12.2,23.2,42.1,13.5,-20.3,13.5,13.5,20.2
"2009M11",-1.1,-3.0,6.2,-36.4,13.1,2.4,2.7,-38.4,-16.7,36.3,1.1,16.6,22.8,44.8,13.7,-20.6,12.6,12.6,22.1
"2009M12",1.4,-0.5,8.4,-29.5,14.6,1.5,2.6,-30.0,-15.0,41.2,3.5,17.6,25.7,48.1,17.1,-16.9,13.0,13.0,21.1
"2010M01",1.7,-0.4,9.6,-15.9,16.8,2.1,2.6,-26.7,-15.1,40.3,1.3,12.2,22.1,43.1,14.5,-19.0,12.5,12.5,20.4
"2010M02",3.6,1.6,10.0,-12.5,16.2,2.3,2.6,-27.0,-11.4,39.3,3.0,10.8,25.5,48.5,15.7,-13.3,13.3,13.3,20.5
"2010M03",3.2,-0.3,9.6,-14.1,17.2,2.4,2.7,-25.0,-10.5,32.4,2.4,9.9,24.7,46.4,16.6,-13.7,12.2,12.2,20.2
"2010M04",3.3,-0.8,9.6,-2.1,19.1,2.6,3.0,-16.0,-4.0,33.9,5.1,16.2,23.1,44.3,15.0,-14.7,13.2,13.2,23.3
"2010M05",0.3,3.2,9.8,-5.9,4.8,2.8,3.0,-14.0,-5.9,26.6,9.2,10.6,24.3,47.6,14.6,-16.5,14.8,14.8,23.0
"2010M06",1.6,2.8,9.3,-1.6,10.3,2.9,3.0,-8.5,-7.4,31.7,11.2,15.5,26.3,47.9,17.1,-15.8,12.9,12.9,21.1
"2010M07",2.6,1.6,8.4,9.9,16.3,3.0,2.9,-2.0,-2.2,26.8,9.5,12.5,25.0,40.4,12.2,-16.0,12.8,12.8,20.9
"2010M08",3.7,4.3,7.8,15.1,17.8,3.0,3.1,1.3,-1.8,29.8,12.1,5.8,22.6,46.6,16.1,-15.1,15.1,15.1,22.1
"2010M09",5.0,4.5,8.7,22.6,20.3,3.3,3.4,0.7,0.8,31.1,11.6,15.0,24.6,46.9,15.6,-13.6,15.5,15.5,22.3
"2010M10",2.8,3.4,8.5,18.7,14.2,3.5,3.8,-1.0,0.5,27.4,11.9,16.1,24.4,44.1,14.4,-15.0,14.3,14.3,21.9
"2010M11",2.0,2.9,8.0,16.7,12.2,3.6,3.6,-2.2,1.0,25.5,13.7,12.1,25.0,46.9,14.0,-15.2,16.3,16.3,20.4
"2010M12",-1.5,2.5,8.8,0.4,-3.9,4.0,3.7,-13.3,-2.7,18.7,9.9,7.8,26.3,46.3,17.7,-13.5,13.0,13.0,22.6
"2011M01",0.3,3.8,7.5,7.9,4.7,4.2,3.8,-3.4,-1.0,28.5,11.6,11.7,25.2,44.3,14.8,-14.9,12.7,12.7,19.5
"2011M02",0.4,1.3,7.5,9.6,7.4,4.4,3.9,-1.3,1.3,19.5,11.6,7.6,25.8,50.5,14.2,-14.7,13.9,13.9,23.6
"2011M03",-0.2,2.4,7.8,6.6,3.7,4.5,4.0,-5.6,1.2,13.0,11.0,1.0,25.2,48.5,15.4,-14.8,14.2,14.2,20.8
"2011M04",-0.6,2.4,7.6,5.2,3.2,4.7,4.1,-0.9,2.0,20.8,8.8,1.8,24.7,45.7,14.1,-15.5,13.0,13.0,25.1
"2011M05",-1.5,1.9,9.5,2.8,-1.7,4.8,4.1,-5.4,1.2,9.8,10.1,-4.5,23.2,46.0,15.8,-15.9,15.8,15.8,22.3
"2011M06",-5.8,-0.5,4.2,-4.4,-9.1,4.8,4.2,-9.2,2.2,9.9,6.3,-9.3,22.9,41.2,16.3,-17.9,11.9,11.9,19.3
"2011M07",-5.5,1.7,5.6,-7.5,-12.4,4.9,4.3,-6.4,2.4,15.7,10.9,-10.5,24.2,44.6,13.7,-16.8,15.4,15.4,22.1
"2011M08",-8.9,1.3,5.1,-19.8,-21.8,4.7,3.9,-21.5,-3.0,8.6,12.9,-16.1,22.5,43.6,14.5,-20.1,13.3,13.3,19.4
"2011M09",-9.5,1.7,3.6,-28.0,-24.4,4.6,3.9,-33.7,-5.8,4.9,11.9,-13.9,25.2,45.9,15.0,-18.9,13.9,13.9,19.6
"2011M10",-9.3,0.9,4.4,-31.2,-25.6,4.6,4.0,-35.1,-7.1,3.4,10.4,-14.2,23.8,42.2,15.6,-17.1,15.9,15.9,20.0
"2011M11",-10.6,-1.6,4.5,-29.2,-25.0,4.7,4.0,-34.8,-6.8,2.0,11.2,-14.8,23.4,43.0,12.8,-20.2,11.3,11.3,18.8
"2011M12",-10.4,2.0,3.6,-36.1,-27.5,4.6,3.8,-37.9,-12.9,2.2,12.7,-22.4,24.2,46.8,14.1,-19.7,11.9,11.9,17.9
"2012M01",-7.0,3.0,6.4,-32.3,-18.1,4.4,3.8,-31.3,-3.9,19.6,8.2,-7.2,23.4,43.3,13.5,-19.2,13.4,13.4,17.5
"2012M02",-3.9,2.1,6.1,-22.9,-7.0,4.4,3.6,-26.1,-4.9,13.0,9.6,-3.2,25.7,46.4,15.0,-16.8,13.9,13.9,21.0
"2012M03",-5.6,1.0,5.4,-20.9,-9.7,4.5,3.9,-25.1,-8.4,9.4,6.7,2.1,24.9,48.8,17.1,-18.9,12.7,12.7,21.0
"2012M04",-2.9,0.7,6.7,-13.4,-1.3,4.7,4.0,-16.7,-7.5,4.8,5.5,5.2,23.9,42.6,15.1,-17.5,13.6,13.6,20.5
"2012M05",-2.6,2.5,8.0,-12.6,-2.3,4.6,3.9,-18.6,-6.6,2.8,7.3,10.1,24.6,48.6,14.3,-18.6,12.4,12.4,22.0
"2012M06",-8.0,-0.6,6.2,-19.9,-16.8,4.5,3.7,-27.4,-3.6,10.8,7.9,1.0,23.4,47.9,16.6,-20.7,11.0,11.0,22.3
"2012M07",-8.9,3.5,3.9,-28.4,-23.9,4.3,3.5,-38.8,-9.4,8.1,6.0,6.1,26.9,50.5,14.9,-18.9,14.1,14.1,20.8
"2012M08",-10.2,2.7,2.6,-30.5,-24.1,4.5,4.1,-36.5,-7.1,12.3,6.0,8.5,24.7,48.5,16.3,-21.9,12.2,12.2,19.7
"2012M09",-8.4,0.6,5.0,-32.1,-19.7,4.6,4.1,-34.0,-8.2,3.2,2.8,4.5,23.5,48.5,16.8,-19.4,12.2,12.2,17.5
"2012M10",-8.7,1.4,5.0,-34.0,-22.2,4.5,3.9,-44.9,-9.7,7.3,4.2,5.0,25.3,43.2,15.7,-19.0,12.9,12.9,17.0
"2012M11",-7.1,0.4,5.4,-33.8,-14.3,4.5,3.9,-42.3,-12.2,7.0,2.7,6.6,25.3,48.6,15.8,-19.8,13.0,13.0,18.8
"2012M12",-7.4,0.3,5.3,-36.9,-14.8,4.4,3.8,-35.4,-10.7,1.3,3.7,-1.8,25.0,50.3,14.0,-20.4,14.2,14.2,16.5
"2013M01",-6.0,-0.1,6.7,-31.1,-8.1,4.4,3.6,-33.7,-12.5,4.9,4.7,-1.1,24.1,44.3,15.0,-22.6,11.9,11.9,18.5
"2013M02",-2.5,1.5,7.8,-20.1,-1.0,4.7,3.8,-28.5,-8.1,5.8,2.3,4.2,25.1,48.8,14.2,-18.2,14.8,14.8,18.3
"2013M03",-3.7,-1.2,7.9,-22.1,-1.0,4.8,3.8,-25.7,-11.5,-2.5,-1.8,1.2,23.1,49.9,14.3,-20.5,11.0,11.0,17.3
"2013M04",-5.2,-1.4,6.2,-24.7,-6.6,4.9,3.9,-27.2,-6.9,1.8,-1.0,4.7,23.5,44.4,15.8,-19.1,13.0,13.0,19.3
"2013M05",-5.8,-1.2,5.9,-29.5,-8.8,4.9,3.8,-35.0,-11.6,-1.3,-7.1,8.3,23.1,47.6,15.3,-19.1,12.9,12.9,19.5
"2013M06",-4.7,1.1,5.1,-25.2,-5.0,4.8,3.7,-28.3,-9.0,-0.2,-3.0,3.5,26.0,48.3,15.3,-19.9,11.9,11.9,17.8
"2013M07",-6.1,0.3,6.5,-28.2,-9.9,4.5,3.6,-33.7,-10.9,4.0,-4.7,0.9,24.4,45.7,14.6,-21.1,15.0,15.0,17.5
"2013M08",-5.9,1.9,6.1,-30.7,-13.0,4.1,3.4,-36.1,-10.4,3.9,0.6,-4.3,22.9,49.5,14.7,-18.6,14.3,14.3,17.7
"2013M09",-5.8,1.6,5.0,-32.4,-8.4,4.3,3.7,-31.3,-12.4,-0.3,1.2,-7.1,24.2,46.6,13.9,-21.2,12.5,12.5,15.8
"2013M10",-6.1,-1.6,6.8,-35.2,-7.1,4.2,3.4,-35.9,-15.0,2.2,1.9,-2.7,23.7,43.3,15.1,-22.4,14.0,14.0,16.7
"2013M11",-5.4,-2.2,7.1,-31.0,-4.1,4.1,3.3,-33.4,-14.8,0.1,-1.8,-5.5,21.0,43.0,12.8,-22.3,13.1,13.1,16.9
"2013M12",-5.2,-0.1,6.3,-30.8,-5.3,4.0,3.3,-30.3,-14.8,6.6,-1.4,3.1,23.5,46.0,16.0,-21.7,11.2,11.2,15.0
"2014M01",-3.0,-0.5,6.9,-21.0,1.7,4.1,3.4,-25.0,-15.3,13.3,1.5,3.9,23.8,44.3,13.7,-19.9,13.2,13.2,17.2
"2014M02",-3.7,-0.3,6.8,-25.3,-2.1,4.1,3.4,-32.7,-14.0,7.8,0.5,0.9,24.0,48.5,14.8,-19.0,13.8,13.8,17.5
"2014M03",-4.4,0.4,6.1,-24.2,-3.5,4.1,3.4,-28.9,-11.6,2.8,-0.6,0.7,24.2,48.0,14.3,-20.6,10.3,10.3,19.0
"2014M04",-7.4,-4.0,4.3,-33.7,-7.7,4.0,3.1,-33.7,-14.7,3.2,-3.4,0.4,21.9,41.1,12.8,-22.0,12.3,12.3,18.5
"2014M05",-5.7,-3.3,4.6,-24.0,-1.8,3.8,3.3,-24.3,-13.1,5.9,-1.6,-2.1,22.3,42.8,13.9,-22.2,11.5,11.5,17.4
"2014M06",-4.1,-1.9,8.0,-28.2,-2.8,4.3,3.2,-26.7,-12.9,7.2,-4.9,0.2,24.0,42.0,16.0,-19.8,13.2,13.2,17.0
"2014M07",-3.2,0.2,6.7,-23.4,0.5,4.1,3.5,-23.3,-11.6,6.3,-3.6,0.3,21.7,42.6,15.8,-20.2,13.7,13.7,16.9
"2014M08",-8.9,-3.3,5.1,-34.2,-15.1,3.6,2.9,-37.0,-11.5,3.5,-7.2,-1.2,22.6,46.2,15.5,-22.4,13.4,13.4,17.9
"2014M09",-10.7,-3.1,4.3,-42.6,-20.9,3.5,2.8,-40.7,-14.2,2.8,-4.7,-5.7,20.7,41.2,15.9,-23.0,11.2,11.2,15.9
"2014M10",-8.4,-1.5,4.7,-42.3,-16.7,2.9,2.3,-42.3,-12.3,11.1,-2.3,1.9,22.9,40.6,14.0,-19.9,13.7,13.7,15.6
"2014M11",-8.2,-2.0,4.9,-43.7,-14.0,3.1,2.6,-37.5,-17.1,5.3,-3.6,-2.2,22.1,45.7,14.6,-21.6,11.4,11.4,15.8
"2014M12",-7.7,-1.2,5.1,-42.1,-10.5,3.1,2.7,-36.5,-12.7,12.4,-4.0,1.0,22.9,46.3,16.5,-24.1,11.9,11.9,15.3
"2015M01",-5.9,0.3,6.8,-38.7,-7.4,2.7,2.3,-32.6,-14.6,20.6,-0.1,4.5,24.1,46.1,15.4,-23.4,14.7,14.7,17.7
"2015M02",-3.2,-1.1,9.0,-26.9,-0.1,1.4,1.7,-26.8,-13.9,22.7,-5.9,13.1,24.4,49.3,14.2,-20.7,14.2,14.2,18.4
"2015M03",-3.4,0.2,8.2,-30.5,-3.0,1.6,2.0,-24.1,-14.6,18.0,-3.6,11.5,24.3,51.8,17.8,-18.8,12.4,12.4,16.0
"2015M04",-2.1,-1.0,11.4,-29.9,0.5,1.7,1.9,-20.4,-9.1,19.9,-8.6,15.6,24.1,42.6,14.5,-19.3,13.4,13.4,19.6
"2015M05",-1.2,0.8,8.2,-24.5,6.7,1.6,2.0,-15.7,-14.2,17.5,-5.4,16.0,24.6,48.6,14.7,-20.5,15.9,15.9,18.0
"2015M06",-4.0,-0.9,6.6,-24.6,0.2,1.6,2.2,-19.7,-12.2,11.1,-5.8,11.0,22.6,45.5,13.2,-22.0,13.5,13.5,18.4
"2015M07",-3.4,1.7,6.3,-24.3,-3.5,1.8,2.3,-25.4,-11.8,17.8,-0.6,8.8,23.0,41.7,13.4,-18.0,15.0,15.0,17.1
"2015M08",-5.9,-0.6,6.1,-28.1,-5.8,1.7,2.2,-28.6,-9.7,21.0,1.5,9.4,26.6,49.3,15.4,-23.2,16.1,16.1,16.9
"2015M09",-8.3,-1.6,4.9,-39.3,-16.0,1.5,2.2,-36.5,-9.1,16.9,-2.3,4.5,23.7,48.9,15.9,-20.3,12.3,12.3,15.2
"2015M10",-9.2,-4.1,2.4,-41.4,-14.5,1.4,2.0,-36.2,-11.3,15.7,-4.6,3.7,20.9,40.3,13.7,-20.8,12.9,12.9,17.3
"2015M11",-5.8,-3.2,6.0,-31.8,-7.2,1.5,2.1,-38.5,-11.5,15.9,1.3,8.3,22.7,44.6,15.0,-18.9,13.8,13.8,15.2
"2015M12",-8.1,0.4,4.4,-39.5,-16.5,1.8,2.2,-38.3,-10.2,16.7,-2.4,8.4,24.5,46.2,17.5,-20.8,13.3,13.3,16.9
"2016M01",-3.4,1.0,6.4,-27.4,-1.0,1.5,2.1,-25.7,-10.9,27.2,-3.8,15.0,24.3,43.6,18.0,-20.0,15.9,15.9,18.4
"2016M02",-5.0,0.3,6.5,-31.0,-8.7,1.4,2.2,-31.9,-11.9,20.9,-2.5,10.5,24.3,50.9,15.3,-18.2,16.7,16.7,18.8
"2016M03",-5.5,-5.0,5.4,-26.5,-3.0,1.2,2.1,-21.5,-13.8,22.1,-5.9,13.7,22.6,49.5,16.7,-19.5,13.1,13.1,18.6
"2016M04",-3.6,-1.7,8.6,-23.7,-1.7,1.5,2.0,-24.2,-8.2,20.0,-6.9,17.1,20.9,43.9,16.8,-19.8,15.2,15.2,18.3
"2016M05",-3.1,-0.3,6.5,-15.0,1.1,1.5,2.1,-17.5,-7.2,16.9,-8.7,18.5,20.9,45.3,13.8,-19.6,12.8,12.8,19.3
"2016M06",0.1,2.2,7.3,-8.9,7.5,1.5,2.1,-16.0,-6.9,27.2,-3.0,16.1,26.6,48.7,17.1,-16.7,14.2,14.2,20.2
"2016M07",-1.8,3.2,5.8,-4.4,2.5,1.6,2.1,-14.7,-8.9,25.0,-0.9,16.7,22.8,45.0,16.8,-18.7,12.9,12.9,16.8
"2016M08",-0.5,2.7,8.0,-3.5,4.6,1.6,2.2,-11.9,-7.6,25.4,2.6,19.7,23.1,49.1,16.2,-17.4,14.6,14.6,16.9
"2016M09",-1.2,2.0,7.9,-3.4,3.8,1.7,2.0,-10.1,-7.7,21.0,-3.4,18.6,23.5,43.8,16.2,-18.7,14.1,14.1,18.2
"2016M10",0.4,4.2,8.6,-3.0,6.4,1.7,2.2,-9.5,-8.9,24.7,2.1,21.6,25.6,47.9,17.3,-17.5,14.5,14.5,15.4
"2016M11",-0.3,1.7,7.7,-1.7,6.7,1.9,2.3,-5.7,-6.2,26.7,-4.2,19.5,24.8,49.9,15.7,-17.2,15.2,15.2,15.7
"2016M12",0.5,3.3,8.6,2.6,9.2,2.2,2.3,-2.5,-5.8,22.7,-2.4,17.3,24.6,51.4,15.5,-19.0,13.5,13.5,16.6
"2017M01",2.0,5.5,9.7,8.7,12.4,2.3,2.5,1.6,-2.8,26.7,4.1,20.5,27.7,49.7,16.1,-19.7,15.9,15.9,16.8
"2017M02",0.8,2.2,10.6,9.0,11.2,2.0,2.4,1.5,-3.2,16.0,4.7,17.9,23.7,47.4,16.2,-20.9,13.2,13.2,15.3
"2017M03",3.1,1.7,13.5,12.8,12.9,1.9,2.4,4.0,-0.2,17.3,5.4,21.0,25.7,51.5,17.1,-15.6,15.5,15.5,17.0
"2017M04",3.5,3.8,10.4,16.6,15.6,2.0,2.4,4.7,-1.1,20.9,6.5,23.0,25.3,44.2,18.4,-15.6,16.1,16.1,17.5
"2017M05",3.9,3.4,9.4,16.1,16.9,2.1,2.5,7.4,0.8,20.3,6.8,21.2,24.6,52.8,16.1,-14.2,13.0,13.0,19.1
"2017M06",3.3,3.0,8.7,22.3,16.6,2.3,2.5,8.3,1.7,24.7,9.6,22.4,25.2,50.5,18.2,-15.2,14.9,14.9,19.3
"2017M07",3.7,5.9,10.4,21.2,15.3,2.2,2.4,7.7,-1.6,24.8,9.3,23.0,26.7,44.8,17.4,-16.8,14.6,14.6,15.2
"2017M08",2.6,4.0,8.3,21.1,14.3,2.2,2.4,8.2,-2.6,23.8,11.8,18.9,27.1,50.4,14.7,-16.4,14.2,14.2,16.9
"2017M09",3.0,4.0,10.1,21.1,13.2,2.1,2.5,7.8,1.0,23.2,10.8,19.8,25.7,49.2,19.2,-15.1,16.1,16.1,16.6
"2017M10",4.4,7.5,10.4,21.6,14.4,2.1,2.4,7.4,-2.0,24.5,16.5,21.2,26.4,46.1,15.5,-14.7,15.9,15.9,16.5
"2017M11",1.9,1.4,10.2,21.3,14.0,2.1,2.4,8.6,-1.6,27.2,11.5,24.1,24.9,46.5,15.2,-18.2,15.8,15.8,14.2
"2017M12",6.8,8.1,11.5,25.0,17.4,2.2,2.4,7.8,-0.1,27.1,16.4,25.1,27.5,50.9,17.9,-9.7,18.7,18.7,16.4
"2018M01",4.3,6.6,12.8,23.8,14.7,2.2,2.5,9.8,1.4,34.2,19.5,22.6,27.1,46.0,14.7,-16.8,16.4,16.4,16.1
"2018M02",4.9,6.4,13.3,25.5,16.7,2.3,2.4,13.9,0.9,29.4,19.7,18.9,26.5,49.4,16.9,-16.9,16.5,16.5,18.7
"2018M03",3.8,6.1,11.6,23.9,13.2,2.3,2.5,11.3,1.2,27.4,20.4,19.7,27.7,49.8,17.5,-15.5,15.0,15.0,16.6
"2018M04",2.9,5.5,10.2,21.4,13.1,2.6,2.6,14.0,-1.3,26.0,19.8,19.7,25.1,44.6,16.1,-17.1,14.6,14.6,13.1
"2018M05",4.1,6.7,11.6,24.7,13.3,2.5,2.6,13.6,4.7,22.2,19.6,22.2,30.0,50.1,14.8,-15.4,15.6,15.6,17.3
"2018M06",1.7,5.6,11.8,20.6,7.5,2.7,2.6,9.5,2.6,24.2,20.4,21.5,28.3,49.9,17.0,-17.9,14.4,14.4,18.3
"2018M07",2.5,8.6,11.1,20.5,7.8,2.8,2.7,12.2,-1.4,26.5,19.9,19.4,28.8,46.0,17.8,-17.3,16.9,16.9,15.2
"2018M08",2.4,8.3,10.5,18.8,6.0,2.7,2.7,7.0,-0.2,28.8,23.1,18.1,27.9,50.6,16.5,-15.2,15.4,15.4,16.4
"2018M09",1.3,6.4,10.3,15.6,2.8,2.5,2.7,6.5,3.8,24.3,22.5,16.5,26.7,49.3,18.6,-14.2,17.1,17.1,15.8
"2018M10",0.1,8.0,10.5,11.6,-2.5,2.9,2.9,0.7,0.3,24.0,24.4,10.4,28.3,46.4,17.1,-15.5,15.5,15.5,17.2
"2018M11",-1.6,4.2,10.9,10.5,-4.7,3.0,2.9,2.7,0.7,15.1,24.6,4.4,28.8,49.1,14.8,-16.9,14.4,14.4,15.7
"2018M12",-2.1,6.5,10.2,4.9,-7.6,3.0,3.0,-1.0,1.1,17.6,21.0,4.7,29.8,50.7,16.7,-17.7,12.6,12.6,15.5
"2019M01",-2.4,5.7,12.3,6.1,-6.6,2.7,2.7,-1.7,-2.1,27.6,20.7,10.1,29.3,53.6,16.6,-21.0,13.9,13.9,15.7
"2019M02",-2.4,6.3,9.1,3.5,-10.6,2.5,2.5,-0.8,1.5,21.2,21.1,10.8,29.9,51.4,16.6,-14.4,14.1,14.1,16.8
"2019M03",-2.3,6.7,11.2,0.9,-8.4,2.7,2.6,-1.5,0.4,19.7,20.8,12.5,26.4,49.8,16.4,-18.7,16.0,16.0,19.4
"2019M04",-1.7,6.1,8.7,4.5,-6.6,2.6,2.5,-2.8,-0.4,21.0,24.1,13.8,29.5,53.4,16.7,-15.1,15.4,15.4,20.6
"2019M05",-1.8,7.9,9.4,5.7,-9.4,2.6,2.4,-4.0,-2.6,20.1,22.1,17.1,31.0,51.5,17.2,-15.0,17.4,17.4,22.6
"2019M06",-4.6,4.1,6.3,0.5,-13.9,2.7,2.9,-1.9,-2.5,19.1,17.3,17.6,26.2,45.9,18.6,-14.9,15.0,15.0,20.7
"2019M07",-3.9,4.4,7.6,-4.5,-14.8,2.7,2.8,-3.7,-3.1,23.3,21.2,19.0,30.1,45.9,18.7,-12.8,16.3,16.3,21.3
"2019M08",-4.5,5.4,6.5,-7.2,-15.7,2.7,2.7,-5.3,-2.7,21.0,19.0,21.2,28.0,49.5,19.1,-14.4,16.2,16.2,21.5
"2019M09",-4.2,8.1,8.5,-14.9,-20.7,2.6,2.5,-12.2,-6.2,17.8,13.4,25.1,29.6,51.2,19.2,-12.6,13.9,13.9,20.8
"2019M10",-6.6,5.2,7.4,-15.9,-22.5,2.6,2.7,-11.8,-6.4,16.5,14.5,18.7,29.4,47.7,20.2,-16.5,18.0,18.0,19.7
"2019M11",-5.0,4.9,9.0,-16.0,-19.7,2.5,2.4,-12.9,-5.1,15.1,15.2,19.6,27.4,50.5,20.4,-13.9,16.7,16.7,21.3
"2019M12",-4.2,6.2,8.5,-14.7,-15.6,2.8,2.7,-10.2,-6.3,16.5,15.3,18.0,28.8,47.3,17.4,-15.9,14.5,14.5,19.5
"2020M01",-4.6,5.4,8.9,-12.0,-14.4,2.7,2.6,-10.9,-5.6,18.7,13.7,21.3,26.5,44.1,18.4,-18.2,15.2,15.2,19.6
"2020M02",-4.5,3.5,6.8,-14.5,-14.3,2.8,2.7,-5.0,-5.7,19.5,19.9,23.4,28.4,48.3,19.9,-14.0,13.9,13.9,18.7
"2020M03",-7.1,5.2,9.1,-20.8,-25.8,2.4,2.3,-19.7,-8.1,12.2,13.7,11.9,29.7,49.4,21.1,-17.0,14.5,14.5,22.1
"2020M04",-13.9,-0.3,2.3,-59.8,-30.8,2.1,2.4,-55.1,-26.6,-14.3,-12.0,-29.1,29.4,41.9,16.9,-26.7,11.6,11.6,16.9
"2020M05",-9.0,1.5,7.1,-64.8,-28.1,1.8,2.4,-40.6,-24.5,6.5,-6.2,-16.6,27.5,45.6,17.1,-16.6,12.9,12.9,20.1
"2020M06",-3.9,2.8,8.7,-62.9,-12.2,1.9,2.4,-22.4,-21.7,13.7,2.1,-8.1,29.2,46.5,16.7,-14.9,12.8,12.8,18.7
"2020M07",-1.6,2.8,10.3,-57.9,-8.4,2.0,2.3,-19.6,-21.1,19.2,4.6,1.5,30.1,48.7,18.7,-10.9,17.9,17.9,22.9
"2020M08",-5.1,0.7,9.8,-59.2,-16.8,2.3,2.5,-26.8,-18.5,10.3,3.4,-1.6,30.3,47.7,20.3,-13.9,14.8,14.8,19.5
"2020M09",-5.9,2.3,7.0,-57.7,-18.1,2.0,2.2,-39.9,-22.1,9.7,6.7,-6.5,30.0,47.6,22.1,-14.8,15.8,15.8,20.5
"2020M10",-6.9,3.9,6.7,-61.0,-24.9,2.0,2.4,-45.5,-20.8,11.2,5.7,-5.9,30.9,49.3,19.3,-13.4,16.0,16.0,21.4
"2020M11",-4.8,1.6,7.8,-54.9,-14.4,2.1,2.2,-31.8,-16.6,11.4,3.5,-2.6,29.7,47.2,17.8,-14.4,14.8,14.8,20.6
"2020M12",-4.6,2.8,8.5,-55.5,-13.9,2.1,2.3,-32.5,-18.2,12.3,7.2,-4.3,29.7,45.7,19.5,-15.8,13.8,13.8,19.4
"2021M01",-0.9,3.2,10.8,-50.5,-2.5,2.2,2.3,-20.7,-16.9,16.9,12.8,4.6,30.1,50.1,18.5,-14.9,15.1,15.1,23.5
"2021M02",-0.8,-1.7,12.7,-48.8,-2.1,2.3,2.4,-20.7,-11.9,20.4,11.0,6.5,28.6,48.3,20.9,-11.8,15.5,15.5,18.7
"2021M03",-3.0,2.7,12.6,-49.6,-12.3,2.3,2.5,-28.5,-12.9,13.3,9.1,1.0,31.2,50.2,21.2,-14.9,15.6,15.6,21.5
"2021M04",3.8,9.0,12.1,-42.5,0.8,2.3,2.5,-11.7,-8.4,18.1,17.0,10.9,32.9,51.9,24.2,-6.9,16.1,16.1,23.0
"2021M05",2.7,3.8,11.9,-33.0,3.7,2.7,2.8,-1.0,-7.2,21.6,17.0,12.7,31.7,53.4,19.2,-8.4,15.1,15.1,22.6
"2021M06",4.6,7.6,10.8,-25.6,8.2,2.8,2.8,3.8,-4.2,21.3,18.3,8.9,32.7,48.9,18.7,-8.3,18.3,18.3,22.3
"2021M07",4.4,9.1,9.8,-16.6,7.8,3.1,2.9,3.4,-2.9,21.8,20.4,12.0,33.1,50.6,17.8,-9.2,16.3,16.3,23.6
"2021M08",4.0,9.3,11.6,-14.0,4.0,3.2,3.0,0.9,-4.0,17.0,22.2,12.5,33.0,51.1,18.9,-8.8,16.0,16.0,21.9
"2021M09",6.0,9.5,11.3,-4.4,10.6,3.0,2.9,10.1,0.8,19.3,26.4,17.8,32.7,48.7,21.5,-7.5,17.1,17.1,22.2
"2021M10",2.7,6.9,11.8,-7.8,5.0,3.3,3.2,7.2,-1.8,17.0,23.6,11.3,31.3,48.0,18.8,-13.0,17.3,17.3,21.1
"2021M11",1.2,7.6,10.7,-14.5,-2.4,3.8,3.6,7.7,-1.5,14.6,21.2,11.9,30.9,47.2,19.4,-11.2,15.7,15.7,24.0
"2021M12",-3.5,2.9,7.2,-15.5,-7.4,3.9,3.6,0.0,-2.1,7.0,15.1,5.8,29.1,48.1,19.5,-16.6,15.3,15.3,22.1
"2022M01",-1.7,4.4,11.6,-22.6,-8.0,3.8,3.7,-6.0,-3.8,7.6,15.5,5.4,30.0,46.6,18.6,-14.9,16.2,16.2,19.9
"2022M02",0.5,6.2,11.0,-23.8,-3.1,4.4,3.9,6.4,-4.3,9.7,10.8,-0.1,32.0,52.1,17.5,-12.4,14.8,14.8,18.3
"2022M03",-10.5,2.9,3.1,-28.6,-31.0,4.8,5.4,-11.2,-3.3,-2.8,8.7,-20.5,32.3,49.3,18.2,-17.1,14.1,14.1,16.9
"2022M04",-11.7,1.9,4.9,-40.3,-33.3,5.6,5.8,-11.2,-2.8,-8.8,3.5,-28.0,29.5,49.7,17.7,-20.2,13.5,13.5,20.0
"2022M05",-11.6,0.5,1.3,-39.7,-27.7,6.1,5.9,-8.1,-2.6,-14.8,-1.1,-28.5,28.9,43.8,17.7,-20.4,15.3,15.3,20.0
"2022M06",-14.3,-2.9,-0.6,-43.2,-30.4,6.6,6.3,-8.5,-2.3,-20.7,-6.9,-34.2,27.6,45.0,15.9,-23.1,14.1,14.1,18.8
"2022M07",-15.9,-4.0,-5.2,-42.7,-29.5,7.1,6.1,-11.3,-0.8,-19.9,-6.8,-39.9,26.0,40.6,16.1,-24.9,12.6,12.6,18.1
"2022M08",-14.9,-0.8,-1.7,-49.6,-33.1,7.5,6.4,-15.1,-5.5,-21.0,-10.5,-38.9,25.8,41.1,15.8,-24.0,13.0,13.0,19.7
"2022M09",-18.3,-2.0,-8.7,-58.0,-33.5,7.9,6.7,-13.2,-5.3,-27.0,-12.3,-44.1,26.3,40.5,16.0,-28.8,12.0,12.0,16.9
"2022M10",-17.6,-4.7,-1.8,-55.9,-33.8,8.3,6.8,-18.0,-4.1,-27.6,-13.0,-48.8,27.4,39.8,14.7,-30.1,12.2,12.2,16.7
